{
  "general_metrics": {
    "YOLOv8s": {
      "model": "YOLOv8s",
      "mAP_50": 0.5410462475482641,
      "mAP_50_95": 0.3854753467904678,
      "precision": 0.6725885710299733,
      "recall": 0.4912640191139399,
      "f1_score": 0.5678013992707259
    },
    "YOLOv8m": {
      "model": "YOLOv8m",
      "mAP_50": 0.5766439606605637,
      "mAP_50_95": 0.43068954201087667,
      "precision": 0.6497532893347022,
      "recall": 0.5355109373394065,
      "f1_score": 0.5871264570050314
    },
    "YOLOv8l": {
      "model": "YOLOv8l",
      "mAP_50": 0.5852364261144443,
      "mAP_50_95": 0.436400802622235,
      "precision": 0.7053631226349101,
      "recall": 0.537676822726597,
      "f1_score": 0.6102095175011482
    }
  },
  "class_metrics": {
    "YOLOv8s": {
      "precision_per_class": [
        0.5,
        0.9400084035336325,
        0.24356289212511686,
        0.4700614373035934,
        0.7990771510261192,
        0.6734031062660315,
        0.9149542720713439,
        1.0,
        0.8892079785665894,
        0.911994313059319,
        0.8203118075974768,
        0.6134741598136083,
        0.7884679151507853,
        0.20813460902051042,
        0.5554150561239185,
        0.724419589206372,
        0.6898755003283108,
        0.72791023698618,
        0.2875323149782689,
        0.3921261164482904,
        0.3273068803137098,
        0.9416399354156225,
        0.8307216314836918,
        0.5651089689308377,
        1.0
      ],
      "recall_per_class": [
        1.0,
        0.42424242424242425,
        0.14275766016713093,
        0.1040536227258219,
        0.6918404064122311,
        0.7353951890034365,
        0.7441860465116279,
        1.0,
        0.7142857142857143,
        0.813953488372093,
        0.047619047619047616,
        1.0,
        0.7006727273117105,
        0.13636363636363635,
        0.4411764705882353,
        0.47258696226418884,
        0.23963133640552994,
        0.6402877697841727,
        0.10592853045283944,
        0.06677165354330708,
        0.13257575757575757,
        0.8421052631578947,
        0.7766990291262136,
        0.3084677419354839,
        0.0
      ],
      "ap50_per_class": [
        0.995,
        0.5923,
        0.10088059680192367,
        0.1806524216969597,
        0.722217025862069,
        0.7483196281225644,
        0.8324336525230054,
        0.995,
        0.855,
        0.8913257743341294,
        0.05518723404255319,
        0.995,
        0.7611697940655633,
        0.16286874999999998,
        0.5377378364389235,
        0.5400600364146411,
        0.3683524923506138,
        0.6988695621844185,
        0.09408879983318358,
        0.1293828614328456,
        0.150136446567489,
        0.9286949152542372,
        0.8208493943463564,
        0.37062896643512644,
        0.0
      ],
      "ap_per_class": [
        0.6965,
        0.39054059440559447,
        0.04065639461586493,
        0.09530924212645533,
        0.5832860661664325,
        0.5571093088860908,
        0.5824553812184274,
        0.8955,
        0.57817,
        0.6778797289230944,
        0.03311234042553192,
        0.8955,
        0.5244518629506061,
        0.13053147791353384,
        0.30423874038092885,
        0.28884196256875894,
        0.22276740354828548,
        0.4876917708255353,
        0.034646601072978664,
        0.054840957458797045,
        0.07337400743225111,
        0.7530277735503667,
        0.5458619768878983,
        0.19059007840426284,
        0.0
      ]
    },
    "YOLOv8m": {
      "precision_per_class": [
        1.0,
        0.935491685089396,
        0.2807241525025602,
        0.47288391813163044,
        0.7298638744511785,
        0.6968004175648072,
        0.9223261934892436,
        0.6254432159603815,
        0.6927908053098958,
        0.6065049853280071,
        0.47799954347521895,
        0.5750701771743163,
        0.7579274365458707,
        0.6381438270139072,
        0.9198759167144512,
        0.8385699947371237,
        0.6523939342747836,
        0.8387047454539538,
        0.3374645096690765,
        0.3467580315588643,
        0.3559924169150153,
        1.0,
        0.9217945985536175,
        0.6203078534542561,
        0.0
      ],
      "recall_per_class": [
        1.0,
        0.5757575757575758,
        0.13834001240902943,
        0.16757101819342482,
        0.8224317912625223,
        0.7474226804123711,
        0.7441860465116279,
        1.0,
        0.7142857142857143,
        0.8837209302325582,
        0.14285714285714285,
        1.0,
        0.7508196721311475,
        0.2727272727272727,
        0.6753757357157457,
        0.5056179775280899,
        0.3640552995391705,
        0.7050359712230215,
        0.12791127541589647,
        0.11716535433070867,
        0.0946969696969697,
        0.7282780812601823,
        0.8252427184466019,
        0.2842741935483871,
        0.0
      ],
      "ap50_per_class": [
        0.995,
        0.7388214967203338,
        0.11651257454284725,
        0.2288897302359748,
        0.8788231830238727,
        0.7212035432252404,
        0.8515428434183853,
        0.995,
        0.7395,
        0.7703774087430905,
        0.12792174176181528,
        0.995,
        0.7642401447702603,
        0.27927499999999994,
        0.7756036231884058,
        0.6164631006928244,
        0.46918662546251655,
        0.7794348800468349,
        0.13004729870590773,
        0.14652913546681054,
        0.14332967879163325,
        0.8931011904761905,
        0.8678062748055054,
        0.39248954243564194,
        0.0
      ],
      "ap_per_class": [
        0.6965,
        0.5737267574605058,
        0.04618177806917196,
        0.12271168742071077,
        0.6911154173273468,
        0.5609369997342675,
        0.689737493759492,
        0.8955,
        0.6370925000000001,
        0.6335747732021166,
        0.08399884199971855,
        0.8955,
        0.5525600443486975,
        0.1657530185758514,
        0.5282849510615263,
        0.33478367215773536,
        0.28691537052337124,
        0.5912122746682373,
        0.05209970466503176,
        0.06912328861529851,
        0.08213290339389279,
        0.7268928115827528,
        0.6249628013405419,
        0.22594146036564916,
        0.0
      ]
    },
    "YOLOv8l": {
      "precision_per_class": [
        1.0,
        0.9074514953732208,
        0.28952678291548933,
        0.4530669600683257,
        0.9133758802197692,
        0.7863491972506415,
        0.8357830546445135,
        0.6597832138180643,
        0.9396534013274076,
        0.8824369360545449,
        1.0,
        0.6468245549940272,
        0.791005926499743,
        0.3220724732407741,
        0.6394349069259873,
        0.8214541734555266,
        0.7157158018487637,
        0.5971319052538844,
        0.3239450837898035,
        0.352943902601182,
        0.36534875850344706,
        0.796351284747978,
        0.9699861558875477,
        0.6244362164521111,
        1.0
      ],
      "recall_per_class": [
        1.0,
        0.594584710036788,
        0.09993036211699165,
        0.12955793600577903,
        0.8260869565217391,
        0.738831615120275,
        0.7103218170019069,
        1.0,
        1.0,
        0.8729353791372468,
        0.0,
        1.0,
        0.7311475409836066,
        0.13636363636363635,
        0.7058823529411765,
        0.5169457546854395,
        0.3248641720764821,
        0.8848920863309353,
        0.049168207024029575,
        0.06270659389743732,
        0.1580928602270373,
        0.7368421052631579,
        0.8543689320388349,
        0.3083975503924264,
        0.0
      ],